{
    "Version": "2012-10-17",
    "Statement": [
        {
            "Action": [
                "application-autoscaling:DescribeScalableTargets",
                "application-autoscaling:DescribeScalingActivities",
                "application-autoscaling:DescribeScalingPolicies",
                "cloudwatch:DescribeAlarmHistory",
                "cloudwatch:DescribeAlarms",
                "cloudwatch:DescribeAlarmsForMetric",
                "cloudwatch:GetMetricStatistics",
                "cloudwatch:ListMetrics",
                "cloudwatch:GetMetricData",
                "datapipeline:DescribeObjects",
                "datapipeline:DescribePipelines",
                "datapipeline:GetPipelineDefinition",
                "datapipeline:ListPipelines",
                "datapipeline:QueryObjects",
                "dynamodb:BatchGetItem",
                "dynamodb:Describe*",
                "dynamodb:List*",
                "dynamodb:GetItem",
                "dynamodb:Query",
                "dynamodb:Scan",
                "dax:Describe*",
                "dax:List*",
                "dax:GetItem",
                "dax:BatchGetItem",
                "dax:Query",
                "dax:Scan",
                "ec2:DescribeVpcs",
                "ec2:DescribeSubnets",
                "ec2:DescribeSecurityGroups",
                "iam:GetRole",
                "iam:ListRoles",
                "kms:DescribeKey",
                "kms:ListAliases",
                "sns:ListSubscriptionsByTopic",
                "sns:ListTopics",
                "lambda:ListFunctions",
                "lambda:ListEventSourceMappings",
                "lambda:GetFunctionConfiguration",
                "resource-groups:ListGroups",
                "resource-groups:ListGroupResources",
                "resource-groups:GetGroup",
                "resource-groups:GetGroupQuery",
                "tag:GetResources",
                "kinesis:ListStreams",
                "kinesis:DescribeStream",
                "kinesis:DescribeStreamSummary"
            ],
            "Effect": "Allow",
            "Resource": "*"
        },
        {
            "Action": "cloudwatch:GetInsightRuleReport",
            "Effect": "Allow",
            "Resource": "arn:aws:cloudwatch:*:*:insight-rule/DynamoDBContributorInsights*"
        }
    ]
}